1,NewJeans,Super Shy
2,정국,Seven (feat. Latto) - Clean Ver.
3,NewJeans,ETA
4,(여자)아이들,퀸카 (Queencard)
5,IVE (아이브),I AM
6,박재정,헤어지자 말해요
7,LE SSERAFIM (르세라핌),"이브, 프시케 그리고 푸른 수염의 아내"
8,aespa,Spicy
9,Lauv,Steal The Show (From “엘리멘탈”)
10,NewJeans,New Jeans
11,LE SSERAFIM (르세라핌),UNFORGIVEN (feat. Nile Rodgers)
12,NewJeans,Hype boy
13,임영웅,모래 알갱이
14,임영웅,사랑은 늘 도망가
15,IVE (아이브),Kitsch
16,임영웅,우리들의 블루스
17,NewJeans,Ditto
18,임영웅,다시 만날 수 있을까
19,NewJeans,Cool With You
20,임영웅,무지개
21,임영웅,이제 나만 믿어요
22,NewJeans,Attention
23,임영웅,London Boy
24,임영웅,Polaroid
25,임영웅,아버지
26,NewJeans,OMG
27,NCT DREAM,ISTJ
28,세븐틴 (SEVENTEEN),손오공
29,NCT DREAM,Candy
30,지수 (JISOO),꽃
31,임영웅,인생찬가
32,정국,Still With You
33,임영웅,A bientot
34,IVE (아이브),After LIKE
35,임영웅,손이 참 곱던 그대
36,임영웅,사랑해 진짜
37,방탄소년단,Dynamite
38,임영웅,연애편지
39,IVE (아이브),LOVE DIVE
40,윤하 (YOUNHA),사건의 지평선
41,Paul Blanco,Summer (Feat. BE’O (비오))
42,Charlie Puth,I Don't Think That I Like Her
43,우디 (Woody),사막에서 꽃을 피우듯
44,임영웅,보금자리
45,방탄소년단,Butter
46,NCT DREAM,Broken Melodies
47,부석순 (SEVENTEEN),파이팅 해야지 (Feat. 이영지)
48,Charlie Puth,Dangerously
49,방탄소년단,Take Two
50,STAYC(스테이씨),Teddy Bear
51,FIFTY FIFTY,Cupid
52,NewJeans,ASAP
53,DK(디셈버),심(心)
54,방탄소년단,봄날
55,Agust D,사람 Pt.2 (feat. 아이유)
56,지민,Like Crazy
57,방탄소년단,Permission to Dance
58,허각,물론
59,정국,Dreamers [Music from the FIFA World Cup Qatar 2022 Official Soundtrack] (Feat. FIFA Sound)
60,LE SSERAFIM (르세라핌),ANTIFRAGILE
61,(여자)아이들,Allergy
62,임한별,사랑하지 않아서 그랬어
63,이무진,잠깐 시간 될까
64,H1-KEY (하이키),건물 사이에 피어난 장미 (Rose Blossom)
65,ZEROBASEONE (제로베이스원),In Bloom
66,방탄소년단,The Planet
67,멜로망스,사랑인가 봐
68,탑현,나에게 그대만이
69,NCT DREAM,파랑 (Blue Wave)
70,성시경,너의 모든 순간
71,지아,사랑..그게 뭔데
72,오마이걸 (OH MY GIRL),여름이 들려 (Summer Comes)
73,The Kid LAROI,STAY
74,NCT DREAM,Like We Just Met
75,경서,첫 키스에 내 심장은 120BPM
76,j-hope,on the street (with J. Cole)
77,(여자)아이들,TOMBOY
78,김호중,그중에 그대를 만나
79,NCT DREAM,Yogurt Shake
80,Charlie Puth,That's Hilarious
81,임재현,Heaven(2023)
82,케이시 (Kassy),사실말야내가말야그게그러니까말이야
83,김민석 (멜로망스),취중고백
84,#안녕,해요 (2022)
85,imase,NIGHT DANCER
86,EXO,Cream Soda
87,(여자)아이들,Nxde
88,던 (DAWN),빛이 나는 너에게
89,NewJeans,Get Up
90,Charlie Puth,That’s Not How This Works (feat. Dan + Shay)
91,경서예지,다정히 내 이름을 부르면
92,제이세라,사랑의 바보
93,NCT DREAM,Poison (모래성)
94,NCT DREAM,Skateboard
95,테이,Monologue
96,aespa,Thirsty
97,NCT DREAM,SOS
98,이채연,KNOCK
99,로이킴,"잘 지내자, 우리 (여름날 우리 X 로이킴)"
100,NCT DREAM,Pretzel (♡)
