제목,가수
Super Shy,NewJeans
Seven (feat. Latto) - Clean Ver.,정국
ETA,NewJeans
퀸카 (Queencard),(여자)아이들
I AM,IVE (아이브)
헤어지자 말해요,박재정
"이브, 프시케 그리고 푸른 수염의 아내",LE SSERAFIM (르세라핌)
Spicy,aespa
Steal The Show (From “엘리멘탈”),Lauv
New Jeans,NewJeans
Hype boy,NewJeans
Kitsch,IVE (아이브)
UNFORGIVEN (feat. Nile Rodgers),LE SSERAFIM (르세라핌)
사랑은 늘 도망가,임영웅
Ditto,NewJeans
모래 알갱이,임영웅
우리들의 블루스,임영웅
Attention,NewJeans
손오공,세븐틴 (SEVENTEEN)
OMG,NewJeans
다시 만날 수 있을까,임영웅
Cool With You,NewJeans
Candy,NCT DREAM
꽃,지수 (JISOO)
무지개,임영웅
After LIKE,IVE (아이브)
이제 나만 믿어요,임영웅
사건의 지평선,윤하 (YOUNHA)
Dynamite,방탄소년단
London Boy,임영웅
Polaroid,임영웅
ISTJ,NCT DREAM
아버지,임영웅
LOVE DIVE,IVE (아이브)
I Don't Think That I Like Her,Charlie Puth
인생찬가,임영웅
Still With You,정국
A bientot,임영웅
Dangerously,Charlie Puth
파이팅 해야지 (Feat. 이영지),부석순 (SEVENTEEN)
Butter,방탄소년단
손이 참 곱던 그대,임영웅
Cupid,FIFTY FIFTY
Teddy Bear,STAYC(스테이씨)
사랑해 진짜,임영웅
연애편지,임영웅
Summer (Feat. BE’O (비오)),Paul Blanco
심(心),DK(디셈버)
Broken Melodies,NCT DREAM
봄날,방탄소년단
제목,가수
Super Shy,NewJeans
Seven (feat. Latto) - Clean Ver.,정국
ETA,NewJeans
퀸카 (Queencard),(여자)아이들
I AM,IVE (아이브)
헤어지자 말해요,박재정
"이브, 프시케 그리고 푸른 수염의 아내",LE SSERAFIM (르세라핌)
Spicy,aespa
Steal The Show (From “엘리멘탈”),Lauv
New Jeans,NewJeans
Hype boy,NewJeans
Kitsch,IVE (아이브)
UNFORGIVEN (feat. Nile Rodgers),LE SSERAFIM (르세라핌)
사랑은 늘 도망가,임영웅
Ditto,NewJeans
모래 알갱이,임영웅
우리들의 블루스,임영웅
Attention,NewJeans
손오공,세븐틴 (SEVENTEEN)
OMG,NewJeans
다시 만날 수 있을까,임영웅
Cool With You,NewJeans
Candy,NCT DREAM
꽃,지수 (JISOO)
무지개,임영웅
After LIKE,IVE (아이브)
이제 나만 믿어요,임영웅
사건의 지평선,윤하 (YOUNHA)
Dynamite,방탄소년단
London Boy,임영웅
Polaroid,임영웅
ISTJ,NCT DREAM
아버지,임영웅
LOVE DIVE,IVE (아이브)
I Don't Think That I Like Her,Charlie Puth
인생찬가,임영웅
Still With You,정국
A bientot,임영웅
Dangerously,Charlie Puth
파이팅 해야지 (Feat. 이영지),부석순 (SEVENTEEN)
Butter,방탄소년단
손이 참 곱던 그대,임영웅
Cupid,FIFTY FIFTY
Teddy Bear,STAYC(스테이씨)
사랑해 진짜,임영웅
연애편지,임영웅
Summer (Feat. BE’O (비오)),Paul Blanco
심(心),DK(디셈버)
Broken Melodies,NCT DREAM
봄날,방탄소년단
